driver_id,total_fare,avg_distance
11,67.58,1.89
52,63.82,27.89
71,169.91,22.04
96,399.93,20.192
55,295.32,22.09
58,126.73,4.62
48,84.82,35.385
37,142.53,25.169999999999998
63,102.68,2.98
57,63.08,11.68
45,124.99000000000001,11.985
