driver_id,total_fare,avg_distance
15,139.92,10.76
29,67.58,17.46
73,24.72,29.49
87,86.07,44.66
3,148.9,39.92
34,353.14,22.066666666666663
98,139.57,31.54
96,16.02,25.04
5,76.77,21.39
31,54.3,39.61
61,32.96,2.24
75,48.56,11.09
26,83.31,27.24
78,37.84,18.44
41,21.56,21.2
95,230.76999999999998,20.71
44,27.65,43.32
79,97.05,49.38
9,92.57,42.31
32,113.82,6.23
12,80.56,35.29
83,113.52,45.61
66,38.46,23.0
94,67.09,33.96
74,19.62,10.06
72,132.18,18.25
76,126.92,35.87
45,86.25,13.28
