driver_id,total_fare,avg_distance
29,94.37,13.065000000000001
69,276.39,26.634999999999998
64,147.06,28.14
35,110.91,5.57
47,72.82,23.73
77,233.86,28.15
19,40.6,10.45
86,109.61,29.87
88,106.3,44.92
91,422.65,24.986
74,61.16,6.130000000000001
