driver_id,total_fare,avg_distance
54,26.4,29.93
15,281.87,15.149999999999999
87,188.33999999999997,30.044999999999998
30,95.31,3.4
59,108.93,45.32
8,128.63,12.6
96,307.82,13.642499999999998
61,157.74,24.185000000000002
75,67.55,30.305
17,102.7,43.64
60,101.78,42.38
41,30.5,24.939999999999998
23,123.8,1.5
25,107.41,31.72
48,42.47,45.98
20,108.35,11.29
37,108.2,47.41
49,183.8,22.85
12,125.28,42.32
83,162.0,46.239999999999995
91,270.86,21.07
2,113.8,19.75
