driver_id,total_fare,avg_distance
54,107.10999999999999,37.93
69,142.9,17.87
31,95.15,23.55
18,74.81,13.23
17,128.41,29.915
6,97.48,42.14
19,32.02,1.02
55,192.75,14.315
33,61.95,27.64
91,400.52,25.052500000000002
94,181.4,41.315
